is_related,test_id
0.2439044,0
4.2125583e-05,1
0.00035911798,2
0.53307146,3
0.0022411644,4
0.39931786,5
0.0011877418,6
2.399087e-06,7
6.271899e-05,8
0.44601023,9
0.00019194731,10
1.2445299e-05,11
0.4690555,12
0.004281025,13
0.008575866,14
